trade_type,lcy_bought,lcy,rate,date,leverage,comment
Buy,71549,BRL,2.384999990463257,2014-01-03 00:00:00,4,NA
Sell,71549,BRL,2.371500015258789,2014-01-06 00:00:00,4,Model predicted sell
Buy,70572,BRL,2.352400064468384,2014-01-14 00:00:00,4,NA
Sell,70572,BRL,2.3494999408721924,2014-01-15 00:00:00,4,Model predicted sell
Buy,72906,BRL,2.4302000999450684,2014-01-30 00:00:00,4,NA
Sell,72906,BRL,2.4068000316619873,2014-01-31 00:00:00,4,Model predicted sell
Buy,72120,BRL,2.4040000438690186,2014-02-11 00:00:00,4,NA
Sell,72120,BRL,2.4014999866485596,2014-02-12 00:00:00,4,Model predicted sell
Buy,70446,BRL,2.3482000827789307,2014-02-27 00:00:00,4,NA
Sell,70446,BRL,2.3136000633239746,2014-02-28 00:00:00,4,Model predicted sell
Buy,67472,BRL,2.2490999698638916,2014-04-01 00:00:00,4,NA
Sell,67472,BRL,2.2583000659942627,2014-04-02 00:00:00,4,Model predicted sell
Buy,66417,BRL,2.213900089263916,2014-04-14 00:00:00,4,NA
Sell,66417,BRL,2.2009999752044678,2014-04-15 00:00:00,4,Model predicted sell
Buy,67109,BRL,2.236999988555908,2014-04-23 00:00:00,4,NA
Sell,67109,BRL,2.2067999839782715,2014-04-25 00:00:00,4,Model predicted sell
Buy,66354,BRL,2.2118000984191895,2014-05-02 00:00:00,4,NA
Sell,66354,BRL,2.2149999141693115,2014-05-05 00:00:00,4,Model predicted sell
Buy,67200,BRL,2.240000009536743,2014-05-06 00:00:00,4,NA
Sell,67200,BRL,2.2074999809265137,2014-05-12 00:00:00,4,Model predicted sell
Buy,65937,BRL,2.1979000568389893,2014-05-14 00:00:00,4,NA
Sell,65937,BRL,2.197499990463257,2014-05-15 00:00:00,4,Model predicted sell
Buy,67044,BRL,2.234800100326538,2014-05-28 00:00:00,4,NA
Sell,67044,BRL,2.221299886703491,2014-05-30 00:00:00,4,Model predicted sell
Buy,68301,BRL,2.276700019836426,2014-06-04 00:00:00,4,NA
Sell,68301,BRL,2.2195000648498535,2014-06-11 00:00:00,4,Model predicted sell
Buy,66893,BRL,2.22979998588562,2014-06-12 00:00:00,4,NA
Sell,66893,BRL,2.219599962234497,2014-06-16 00:00:00,4,Model predicted sell
Buy,67703,BRL,2.2567999362945557,2014-06-18 00:00:00,4,NA
Sell,67703,BRL,2.206899881362915,2014-06-20 00:00:00,4,Model predicted sell
Buy,66807,BRL,2.226900100708008,2014-06-23 00:00:00,4,NA
Sell,66807,BRL,2.214900016784668,2014-06-24 00:00:00,4,Model predicted sell
Buy,66063,BRL,2.2021000385284424,2014-06-25 00:00:00,4,NA
Sell,66063,BRL,2.17330002784729,2014-06-30 00:00:00,4,Model predicted sell
Buy,66608,BRL,2.2202999591827393,2014-07-03 00:00:00,4,NA
Sell,66608,BRL,2.2047998905181885,2014-07-04 00:00:00,4,Model predicted sell
Buy,67661,BRL,2.2553999423980713,2014-07-18 00:00:00,4,NA
Sell,67661,BRL,2.210200071334839,2014-07-23 00:00:00,4,Model predicted sell
Buy,66480,BRL,2.2160000801086426,2014-07-24 00:00:00,4,NA
Sell,66480,BRL,2.2021000385284424,2014-07-25 00:00:00,4,Model predicted sell
Buy,67757,BRL,2.2585999965667725,2014-08-01 00:00:00,4,NA
Sell,67757,BRL,2.2358999252319336,2014-08-04 00:00:00,4,Model predicted sell
Buy,68760,BRL,2.2920000553131104,2014-08-08 00:00:00,4,NA
Sell,68760,BRL,2.2704999446868896,2014-08-12 00:00:00,4,Model predicted sell
Buy,67640,BRL,2.254699945449829,2014-08-19 00:00:00,4,NA
Sell,67640,BRL,2.2416999340057373,2014-08-20 00:00:00,4,Model predicted sell
Buy,68429,BRL,2.2809998989105225,2014-08-26 00:00:00,4,NA
Sell,68429,BRL,2.231600046157837,2014-09-01 00:00:00,4,Model predicted sell
Buy,67235,BRL,2.2411999702453613,2014-09-02 00:00:00,4,NA
Sell,67235,BRL,2.2320001125335693,2014-09-04 00:00:00,4,Model predicted sell
Buy,68787,BRL,2.2929000854492188,2014-09-12 00:00:00,4,NA
Sell,68787,BRL,2.3348000049591064,2014-09-15 00:00:00,4,Margin call / stop-loss triggered
Buy,70125,BRL,2.3375000953674316,2014-09-16 00:00:00,4,NA
Sell,70125,BRL,2.333699941635132,2014-09-17 00:00:00,4,Model predicted sell
Buy,72231,BRL,2.4077000617980957,2014-09-24 00:00:00,4,NA
Sell,72231,BRL,2.379699945449829,2014-09-25 00:00:00,4,Model predicted sell
Buy,73250,BRL,2.441699981689453,2014-09-30 00:00:00,4,NA
Sell,73250,BRL,2.4356000423431396,2014-10-01 00:00:00,4,Model predicted sell
Buy,74712,BRL,2.4904000759124756,2014-10-03 00:00:00,4,NA
Sell,74712,BRL,2.3738999366760254,2014-10-09 00:00:00,4,Model predicted sell
Buy,71793,BRL,2.3931000232696533,2014-10-10 00:00:00,4,NA
Sell,71793,BRL,2.4230000972747803,2014-10-13 00:00:00,4,Model predicted sell
Buy,73932,BRL,2.464400053024292,2014-10-17 00:00:00,4,NA
Sell,73932,BRL,2.4307000637054443,2014-10-20 00:00:00,4,Model predicted sell
Buy,74865,BRL,2.495500087738037,2014-10-24 00:00:00,4,NA
Sell,74865,BRL,2.4667999744415283,2014-10-27 00:00:00,4,Model predicted sell
Buy,76992,BRL,2.5664000511169434,2014-11-07 00:00:00,4,NA
Sell,76992,BRL,2.553800106048584,2014-11-10 00:00:00,4,Model predicted sell
Buy,78152,BRL,2.60509991645813,2014-11-18 00:00:00,4,NA
Sell,78152,BRL,2.5687999725341797,2014-11-20 00:00:00,4,Model predicted sell
Buy,77093,BRL,2.5697999000549316,2014-11-21 00:00:00,4,NA
Sell,77093,BRL,2.5141000747680664,2014-11-24 00:00:00,4,Model predicted sell
Buy,76271,BRL,2.5423998832702637,2014-11-25 00:00:00,4,NA
Sell,76271,BRL,2.4979000091552734,2014-11-27 00:00:00,4,Model predicted sell
Buy,77646,BRL,2.588200092315674,2014-12-05 00:00:00,4,NA
Sell,77646,BRL,2.5834999084472656,2014-12-08 00:00:00,4,Model predicted sell
Buy,82059,BRL,2.735300064086914,2014-12-17 00:00:00,4,NA
Sell,82059,BRL,2.63919997215271,2014-12-22 00:00:00,4,Model predicted sell
Buy,80601,BRL,2.6867001056671143,2014-12-26 00:00:00,4,NA
Sell,80601,BRL,2.678299903869629,2014-12-29 00:00:00,4,Model predicted sell
Buy,79574,BRL,2.6524999141693115,2015-01-01 00:00:00,4,NA
Buy,81101,BRL,2.703399896621704,2015-01-06 00:00:00,4,NA
Sell,81101,BRL,2.621000051498413,2015-01-12 00:00:00,4,Model predicted sell
Buy,80106,BRL,2.6702001094818115,2015-01-13 00:00:00,4,NA
Sell,80106,BRL,2.612499952316284,2015-01-15 00:00:00,4,Model predicted sell
Buy,79161,BRL,2.638700008392334,2015-01-16 00:00:00,4,NA
Sell,79161,BRL,2.603100061416626,2015-01-19 00:00:00,4,Model predicted sell
Buy,77403,BRL,2.5801000595092773,2015-01-27 00:00:00,4,NA
Sell,77403,BRL,2.568700075149536,2015-01-28 00:00:00,4,Model predicted sell
Buy,81707,BRL,2.723599910736084,2015-02-03 00:00:00,4,NA
Sell,81707,BRL,2.690999984741211,2015-02-04 00:00:00,4,Model predicted sell
Buy,82749,BRL,2.7583000659942627,2015-02-09 00:00:00,4,NA
Sell,82749,BRL,2.766200065612793,2015-02-10 00:00:00,4,Model predicted sell
Buy,85968,BRL,2.865600109100342,2015-02-12 00:00:00,4,NA
Sell,85968,BRL,2.816999912261963,2015-02-13 00:00:00,4,Model predicted sell
Buy,84765,BRL,2.825500011444092,2015-02-16 00:00:00,4,NA
Sell,84765,BRL,2.8257999420166016,2015-02-18 00:00:00,4,Model predicted sell
Buy,86264,BRL,2.875499963760376,2015-02-24 00:00:00,4,NA
Sell,86264,BRL,2.8547000885009766,2015-02-25 00:00:00,4,Model predicted sell
Buy,87132,BRL,2.904400110244751,2015-02-27 00:00:00,4,NA
Sell,87132,BRL,2.8368000984191895,2015-03-02 00:00:00,4,Model predicted sell
Buy,93708,BRL,3.1236000061035156,2015-03-10 00:00:00,4,NA
Sell,93708,BRL,3.1015000343322754,2015-03-11 00:00:00,4,Model predicted sell
Buy,97328,BRL,3.24429988861084,2015-03-16 00:00:00,4,NA
Sell,97328,BRL,3.2425999641418457,2015-03-17 00:00:00,4,Model predicted sell
Buy,98726,BRL,3.2908999919891357,2015-03-20 00:00:00,4,NA
Sell,98726,BRL,3.1285998821258545,2015-03-24 00:00:00,4,Model predicted sell
Buy,95927,BRL,3.1975998878479004,2015-03-26 00:00:00,4,NA
Sell,95927,BRL,3.178999900817871,2015-03-27 00:00:00,4,Model predicted sell
Buy,97617,BRL,3.2539000511169434,2015-03-30 00:00:00,4,NA
Sell,97617,BRL,3.0894999504089355,2015-04-06 00:00:00,4,Model predicted sell
Buy,93752,BRL,3.1250998973846436,2015-04-08 00:00:00,4,NA
Sell,93752,BRL,3.0453999042510986,2015-04-09 00:00:00,4,Model predicted sell
Buy,91115,BRL,3.0371999740600586,2015-04-20 00:00:00,4,NA
Sell,91115,BRL,2.912600040435791,2015-04-28 00:00:00,4,Model predicted sell
Buy,92342,BRL,3.0780999660491943,2015-05-05 00:00:00,4,NA
Sell,92342,BRL,2.9735000133514404,2015-05-11 00:00:00,4,Model predicted sell
Buy,91088,BRL,3.03629994392395,2015-05-14 00:00:00,4,NA
Sell,91088,BRL,2.9900999069213867,2015-05-15 00:00:00,4,Model predicted sell
Buy,94433,BRL,3.1477999687194824,2015-05-27 00:00:00,4,NA
Sell,94433,BRL,3.138200044631958,2015-05-28 00:00:00,4,Model predicted sell
Buy,95562,BRL,3.1854000091552734,2015-06-01 00:00:00,4,NA
Sell,95562,BRL,3.128000020980835,2015-06-03 00:00:00,4,Model predicted sell
Buy,94196,BRL,3.139899969100952,2015-06-05 00:00:00,4,NA
Sell,94196,BRL,3.0936999320983887,2015-06-10 00:00:00,4,Model predicted sell
Buy,92705,BRL,3.0901999473571777,2015-06-22 00:00:00,4,NA
Sell,92705,BRL,3.0739998817443848,2015-06-24 00:00:00,4,Model predicted sell
Buy,95037,BRL,3.1679000854492188,2015-06-29 00:00:00,4,NA
Sell,95037,BRL,3.1096999645233154,2015-07-01 00:00:00,4,Model predicted sell
Buy,94370,BRL,3.145699977874756,2015-07-02 00:00:00,4,NA
Sell,94370,BRL,3.0954999923706055,2015-07-03 00:00:00,4,Model predicted sell
Buy,96990,BRL,3.2330000400543213,2015-07-09 00:00:00,4,NA
Sell,96990,BRL,3.1315999031066895,2015-07-14 00:00:00,4,Model predicted sell
Buy,94106,BRL,3.136899948120117,2015-07-15 00:00:00,4,NA
Sell,94106,BRL,3.134999990463257,2015-07-16 00:00:00,4,Model predicted sell
Buy,95732,BRL,3.1910998821258545,2015-07-21 00:00:00,4,NA
Sell,95732,BRL,3.1510000228881836,2015-07-22 00:00:00,4,Model predicted sell
Buy,100853,BRL,3.361799955368042,2015-07-28 00:00:00,4,NA
Sell,100853,BRL,3.3238000869750977,2015-07-30 00:00:00,4,Model predicted sell
Buy,105929,BRL,3.5309998989105225,2015-08-07 00:00:00,4,NA
Sell,105929,BRL,3.436000108718872,2015-08-11 00:00:00,4,Model predicted sell
Buy,104651,BRL,3.4883999824523926,2015-08-20 00:00:00,4,NA
Sell,104651,BRL,3.458400011062622,2015-08-21 00:00:00,4,Model predicted sell
Buy,108387,BRL,3.6129000186920166,2015-08-26 00:00:00,4,NA
Sell,108387,BRL,3.5510001182556152,2015-08-28 00:00:00,4,Model predicted sell
Buy,112598,BRL,3.7532999515533447,2015-09-03 00:00:00,4,NA
Sell,112598,BRL,3.736299991607666,2015-09-04 00:00:00,4,Model predicted sell
Buy,115184,BRL,3.8394999504089355,2015-09-07 00:00:00,4,NA
Sell,115184,BRL,3.7783000469207764,2015-09-10 00:00:00,4,Model predicted sell
Buy,125213,BRL,4.173799991607666,2015-09-24 00:00:00,4,NA
Sell,125213,BRL,3.933500051498413,2015-09-25 00:00:00,4,Model predicted sell
Buy,123113,BRL,4.103799819946289,2015-09-29 00:00:00,4,NA
Sell,123113,BRL,3.945499897003174,2015-10-01 00:00:00,4,Model predicted sell
Buy,119979,BRL,3.999300003051758,2015-10-02 00:00:00,4,NA
Sell,119979,BRL,3.850399971008301,2015-10-07 00:00:00,4,Model predicted sell
Buy,116382,BRL,3.8794000148773193,2015-10-08 00:00:00,4,NA
Sell,116382,BRL,3.7614998817443848,2015-10-12 00:00:00,4,Model predicted sell
Buy,118074,BRL,3.935800075531006,2015-10-22 00:00:00,4,NA
Sell,118074,BRL,3.871299982070923,2015-10-26 00:00:00,4,Model predicted sell
Buy,116889,BRL,3.8963000774383545,2015-10-29 00:00:00,4,NA
Sell,116889,BRL,3.844099998474121,2015-10-30 00:00:00,4,Model predicted sell
Buy,113804,BRL,3.7934999465942383,2015-11-05 00:00:00,4,NA
Sell,113804,BRL,3.7764999866485596,2015-11-09 00:00:00,4,Model predicted sell
Buy,115866,BRL,3.8622000217437744,2015-11-16 00:00:00,4,NA
Sell,115866,BRL,3.700200080871582,2015-11-23 00:00:00,4,Model predicted sell
Buy,111860,BRL,3.7286999225616455,2015-11-24 00:00:00,4,NA
Sell,111860,BRL,3.6956000328063965,2015-11-25 00:00:00,4,Model predicted sell
Buy,116013,BRL,3.8671000003814697,2015-12-01 00:00:00,4,NA
Sell,116013,BRL,3.755000114440918,2015-12-07 00:00:00,4,Model predicted sell
Buy,114456,BRL,3.815200090408325,2015-12-09 00:00:00,4,NA
Sell,114456,BRL,3.7435998916625977,2015-12-10 00:00:00,4,Model predicted sell
Buy,117195,BRL,3.9065001010894775,2015-12-16 00:00:00,4,NA
Sell,117195,BRL,3.875699996948242,2015-12-18 00:00:00,4,Model predicted sell
Buy,120353,BRL,4.0117998123168945,2015-12-22 00:00:00,4,NA
Sell,120353,BRL,3.8554000854492188,2015-12-29 00:00:00,4,Model predicted sell
Buy,118697,BRL,3.9565999507904053,2015-12-31 00:00:00,4,NA
Buy,121112,BRL,4.037099838256836,2016-01-05 00:00:00,4,NA
Sell,121112,BRL,4.020899772644043,2016-01-07 00:00:00,4,Model predicted sell
Buy,124614,BRL,4.153800010681152,2016-01-22 00:00:00,4,NA
Sell,124614,BRL,4.068399906158447,2016-01-27 00:00:00,4,Model predicted sell
Buy,123176,BRL,4.105899810791016,2016-01-28 00:00:00,4,NA
Sell,123176,BRL,3.9586000442504883,2016-02-02 00:00:00,4,Model predicted sell
Buy,119561,BRL,3.9853999614715576,2016-02-03 00:00:00,4,NA
Sell,119561,BRL,3.8864998817443848,2016-02-05 00:00:00,4,Model predicted sell
Buy,116835,BRL,3.8945000171661377,2016-02-08 00:00:00,4,NA
Sell,116835,BRL,3.882499933242798,2016-02-10 00:00:00,4,Model predicted sell
Buy,119643,BRL,3.988100051879883,2016-02-12 00:00:00,4,NA
Sell,119643,BRL,4.008399963378906,2016-02-15 00:00:00,4,Model predicted sell
Buy,121934,BRL,4.064499855041504,2016-02-17 00:00:00,4,NA
Sell,121934,BRL,3.980600118637085,2016-02-18 00:00:00,4,Model predicted sell
Buy,118653,BRL,3.9551000595092773,2016-02-25 00:00:00,4,NA
Sell,118653,BRL,3.9523000717163086,2016-02-26 00:00:00,4,Model predicted sell
Buy,120372,BRL,4.012400150299072,2016-03-01 00:00:00,4,NA
Sell,120372,BRL,3.754300117492676,2016-03-07 00:00:00,4,Model predicted sell
Buy,113456,BRL,3.781899929046631,2016-03-08 00:00:00,4,NA
Sell,113456,BRL,3.5785999298095703,2016-03-14 00:00:00,4,Model predicted sell
Buy,108596,BRL,3.6198999881744385,2016-03-21 00:00:00,4,NA
Sell,108596,BRL,3.578399896621704,2016-03-23 00:00:00,4,Model predicted sell
Buy,110408,BRL,3.680299997329712,2016-03-24 00:00:00,4,NA
Sell,110408,BRL,3.6772000789642334,2016-03-25 00:00:00,4,Model predicted sell
Buy,104786,BRL,3.4928998947143555,2016-04-14 00:00:00,4,NA
Sell,104786,BRL,3.472100019454956,2016-04-15 00:00:00,4,Model predicted sell
Buy,108248,BRL,3.608299970626831,2016-04-19 00:00:00,4,NA
Sell,108248,BRL,3.5244998931884766,2016-04-21 00:00:00,4,Model predicted sell
Buy,106797,BRL,3.5599000453948975,2016-04-25 00:00:00,4,NA
Sell,106797,BRL,3.521399974822998,2016-04-27 00:00:00,4,Model predicted sell
Buy,105612,BRL,3.520400047302246,2016-04-28 00:00:00,4,NA
Sell,105612,BRL,3.4314000606536865,2016-05-02 00:00:00,4,Model predicted sell
Buy,107447,BRL,3.5815999507904053,2016-05-30 00:00:00,4,NA
Sell,107447,BRL,3.566699981689453,2016-05-31 00:00:00,4,Model predicted sell
Buy,104337,BRL,3.4779000282287598,2016-06-14 00:00:00,4,NA
Sell,104337,BRL,3.390399932861328,2016-06-21 00:00:00,4,Model predicted sell
Buy,102378,BRL,3.412600040435791,2016-06-22 00:00:00,4,NA
Sell,102378,BRL,3.3357999324798584,2016-06-24 00:00:00,4,Model predicted sell
Buy,100838,BRL,3.361299991607666,2016-07-08 00:00:00,4,NA
Sell,100838,BRL,3.2952001094818115,2016-07-11 00:00:00,4,Model predicted sell
Buy,99173,BRL,3.305799961090088,2016-07-12 00:00:00,4,NA
Sell,99173,BRL,3.248800039291382,2016-07-15 00:00:00,4,Model predicted sell
Buy,98108,BRL,3.2702999114990234,2016-07-18 00:00:00,4,NA
Sell,98108,BRL,3.2481000423431396,2016-07-20 00:00:00,4,Model predicted sell
Buy,95018,BRL,3.16729998588562,2016-08-09 00:00:00,4,NA
Sell,95018,BRL,3.126300096511841,2016-08-11 00:00:00,4,Model predicted sell
Buy,97143,BRL,3.238100051879883,2016-08-19 00:00:00,4,NA
Sell,97143,BRL,3.1988000869750977,2016-08-23 00:00:00,4,Model predicted sell
Buy,98150,BRL,3.271699905395508,2016-09-12 00:00:00,4,NA
Sell,98150,BRL,3.243299961090088,2016-09-13 00:00:00,4,Model predicted sell
Buy,100289,BRL,3.3429999351501465,2016-09-15 00:00:00,4,NA
Sell,100289,BRL,3.265199899673462,2016-09-19 00:00:00,4,Model predicted sell
Buy,98133,BRL,3.2711000442504883,2016-09-20 00:00:00,4,NA
Sell,98133,BRL,3.2095000743865967,2016-09-22 00:00:00,4,Model predicted sell
Buy,96807,BRL,3.226900100708008,2016-10-07 00:00:00,4,NA
Sell,96807,BRL,3.1958000659942627,2016-10-12 00:00:00,4,Model predicted sell
Buy,94362,BRL,3.145400047302246,2016-10-24 00:00:00,4,NA
Sell,94362,BRL,3.1103999614715576,2016-10-26 00:00:00,4,Model predicted sell
Buy,96092,BRL,3.2030999660491943,2016-10-31 00:00:00,4,NA
Sell,96092,BRL,3.1979000568389893,2016-11-01 00:00:00,4,Model predicted sell
Buy,97751,BRL,3.2583999633789062,2016-11-04 00:00:00,4,NA
Sell,97751,BRL,3.16759991645813,2016-11-09 00:00:00,4,Model predicted sell
Buy,101843,BRL,3.3947999477386475,2016-11-11 00:00:00,4,NA
Sell,101843,BRL,3.391700029373169,2016-11-14 00:00:00,4,Model predicted sell
Buy,103508,BRL,3.4502999782562256,2016-11-17 00:00:00,4,NA
Sell,103508,BRL,3.38319993019104,2016-11-21 00:00:00,4,Model predicted sell
Buy,101625,BRL,3.387500047683716,2016-11-22 00:00:00,4,NA
Sell,101625,BRL,3.3626999855041504,2016-11-23 00:00:00,4,Model predicted sell
Buy,102921,BRL,3.4307000637054443,2016-11-24 00:00:00,4,NA
Sell,102921,BRL,3.3905999660491943,2016-11-25 00:00:00,4,Model predicted sell
Buy,107288,BRL,3.5762999057769775,2016-12-02 00:00:00,4,NA
Sell,107288,BRL,3.3743999004364014,2016-12-09 00:00:00,4,Model predicted sell
Buy,101331,BRL,3.377700090408325,2016-12-12 00:00:00,4,NA
Sell,101331,BRL,3.333899974822998,2016-12-14 00:00:00,4,Model predicted sell
Buy,98093,BRL,3.2697999477386475,2016-12-27 00:00:00,4,NA
Sell,98093,BRL,3.2695999145507812,2016-12-28 00:00:00,4,Model predicted sell
Buy,98523,BRL,3.28410005569458,2017-01-03 00:00:00,4,NA
Sell,98523,BRL,3.197499990463257,2017-01-06 00:00:00,4,Model predicted sell
Buy,96671,BRL,3.222399950027466,2017-01-09 00:00:00,4,NA
Sell,96671,BRL,3.1944000720977783,2017-01-11 00:00:00,4,Model predicted sell
Buy,95060,BRL,3.1686999797821045,2017-01-25 00:00:00,4,NA
Sell,95060,BRL,3.1689000129699707,2017-01-26 00:00:00,4,Model predicted sell
Buy,93500,BRL,3.1166999340057373,2017-02-08 00:00:00,4,NA
Sell,93500,BRL,3.1161000728607178,2017-02-09 00:00:00,4,Model predicted sell
Buy,94656,BRL,3.1552000045776367,2017-03-03 00:00:00,4,NA
Sell,94656,BRL,3.115299940109253,2017-03-06 00:00:00,4,Model predicted sell
Buy,95742,BRL,3.1914000511169434,2017-03-10 00:00:00,4,NA
Sell,95742,BRL,3.138200044631958,2017-03-13 00:00:00,4,Model predicted sell
Buy,93575,BRL,3.1191999912261963,2017-03-17 00:00:00,4,NA
Sell,93575,BRL,3.0708999633789062,2017-03-21 00:00:00,4,Model predicted sell
Buy,92600,BRL,3.086699962615967,2017-03-22 00:00:00,4,NA
Sell,92600,BRL,3.0826001167297363,2017-03-23 00:00:00,4,Model predicted sell
Buy,94146,BRL,3.138200044631958,2017-03-24 00:00:00,4,NA
Sell,94146,BRL,3.106300115585327,2017-03-27 00:00:00,4,Model predicted sell
Buy,95325,BRL,3.177500009536743,2017-04-28 00:00:00,4,NA
Sell,95325,BRL,3.1500000953674316,2017-05-03 00:00:00,4,Model predicted sell
Buy,93722,BRL,3.1240999698638916,2017-05-15 00:00:00,4,NA
Sell,93722,BRL,3.0957000255584717,2017-05-17 00:00:00,4,Model predicted sell
Buy,101063,BRL,3.368799924850464,2017-05-19 00:00:00,4,NA
Sell,101063,BRL,3.2558999061584473,2017-05-22 00:00:00,4,Model predicted sell
Buy,98219,BRL,3.2739999294281006,2017-05-25 00:00:00,4,NA
Sell,98219,BRL,3.2581000328063965,2017-05-29 00:00:00,4,Model predicted sell
Buy,99500,BRL,3.316699981689453,2017-06-13 00:00:00,4,NA
Sell,99500,BRL,3.272700071334839,2017-06-15 00:00:00,4,Model predicted sell
Buy,98336,BRL,3.277899980545044,2017-07-05 00:00:00,4,NA
Sell,98336,BRL,3.2834999561309814,2017-07-06 00:00:00,4,Model predicted sell
Buy,96195,BRL,3.2065000534057617,2017-07-14 00:00:00,4,NA
Sell,96195,BRL,3.18149995803833,2017-07-17 00:00:00,4,Model predicted sell
Buy,94628,BRL,3.1542999744415283,2017-07-18 00:00:00,4,NA
Sell,94628,BRL,3.0947000980377197,2017-07-21 00:00:00,4,Model predicted sell
Buy,93485,BRL,3.1161999702453613,2017-08-07 00:00:00,4,NA
Sell,93485,BRL,3.124300003051758,2017-08-08 00:00:00,4,Model predicted sell
Buy,95610,BRL,3.187000036239624,2017-08-15 00:00:00,4,NA
Sell,95610,BRL,3.128499984741211,2017-08-17 00:00:00,4,Model predicted sell
Buy,94347,BRL,3.14490008354187,2017-08-21 00:00:00,4,NA
Sell,94347,BRL,3.13919997215271,2017-08-24 00:00:00,4,Model predicted sell
Buy,92655,BRL,3.0885000228881836,2017-09-11 00:00:00,4,NA
Sell,92655,BRL,3.1015000343322754,2017-09-12 00:00:00,4,Model predicted sell
Buy,93978,BRL,3.1326000690460205,2017-09-14 00:00:00,4,NA
Sell,93978,BRL,3.111999988555908,2017-09-18 00:00:00,4,Model predicted sell
Buy,95744,BRL,3.191499948501587,2017-09-28 00:00:00,4,NA
Sell,95744,BRL,3.1333999633789062,2017-10-05 00:00:00,4,Model predicted sell
Buy,97839,BRL,3.2613000869750977,2017-10-27 00:00:00,4,NA
Sell,97839,BRL,3.234800100326538,2017-10-30 00:00:00,4,Model predicted sell
Buy,99381,BRL,3.312700033187866,2017-11-06 00:00:00,4,NA
Sell,99381,BRL,3.247999906539917,2017-11-07 00:00:00,4,Model predicted sell
Buy,98097,BRL,3.26990008354187,2017-11-08 00:00:00,4,NA
Sell,98097,BRL,3.248699903488159,2017-11-10 00:00:00,4,Model predicted sell
Buy,99297,BRL,3.3099000453948975,2017-11-15 00:00:00,4,NA
Sell,99297,BRL,3.253999948501587,2017-11-21 00:00:00,4,Model predicted sell
Buy,97722,BRL,3.2574000358581543,2017-11-22 00:00:00,4,NA
Sell,97722,BRL,3.2204999923706055,2017-11-24 00:00:00,4,Model predicted sell
Buy,99102,BRL,3.3034000396728516,2017-12-12 00:00:00,4,NA
Sell,99102,BRL,3.304500102996826,2017-12-13 00:00:00,4,Model predicted sell
Buy,100211,BRL,3.340399980545044,2017-12-15 00:00:00,4,NA
Sell,100211,BRL,3.288599967956543,2017-12-20 00:00:00,4,Model predicted sell
Buy,99324,BRL,3.310800075531006,2018-01-02 00:00:00,4,NA
Sell,99324,BRL,3.228100061416626,2018-01-08 00:00:00,4,Model predicted sell
Buy,97397,BRL,3.2465999126434326,2018-01-10 00:00:00,4,NA
Sell,97397,BRL,3.202399969100952,2018-01-15 00:00:00,4,Model predicted sell
Buy,95532,BRL,3.1844000816345215,2018-02-01 00:00:00,4,NA
Sell,95532,BRL,3.1637001037597656,2018-02-02 00:00:00,4,Model predicted sell
Buy,97833,BRL,3.2611000537872314,2018-02-06 00:00:00,4,NA
Sell,97833,BRL,3.233299970626831,2018-02-07 00:00:00,4,Model predicted sell
Buy,98831,BRL,3.2943999767303467,2018-02-14 00:00:00,4,NA
Sell,98831,BRL,3.214099884033203,2018-02-15 00:00:00,4,Model predicted sell
Buy,97500,BRL,3.25,2018-02-28 00:00:00,4,NA
Sell,97500,BRL,3.2446999549865723,2018-03-01 00:00:00,4,Model predicted sell
Buy,99312,BRL,3.3104000091552734,2018-03-21 00:00:00,4,NA
Sell,99312,BRL,3.270900011062622,2018-03-22 00:00:00,4,Model predicted sell
Buy,102525,BRL,3.4175000190734863,2018-04-10 00:00:00,4,NA
Sell,102525,BRL,3.3729000091552734,2018-04-12 00:00:00,4,Model predicted sell
Buy,104481,BRL,3.4827001094818115,2018-04-26 00:00:00,4,NA
Sell,104481,BRL,3.456899881362915,2018-04-30 00:00:00,4,Model predicted sell
Buy,106487,BRL,3.5495998859405518,2018-05-03 00:00:00,4,NA
Sell,106487,BRL,3.510699987411499,2018-05-07 00:00:00,4,Model predicted sell
Buy,107699,BRL,3.5899999141693115,2018-05-10 00:00:00,4,NA
Sell,107699,BRL,3.5492000579833984,2018-05-11 00:00:00,4,Model predicted sell
Buy,112070,BRL,3.7356998920440674,2018-05-21 00:00:00,4,NA
Sell,112070,BRL,3.6261000633239746,2018-05-24 00:00:00,4,Model predicted sell
Buy,109442,BRL,3.648099899291992,2018-05-25 00:00:00,4,NA
Sell,109442,BRL,3.626199960708618,2018-05-28 00:00:00,4,Model predicted sell
Buy,111921,BRL,3.7307000160217285,2018-05-29 00:00:00,4,NA
Sell,111921,BRL,3.7184998989105225,2018-06-01 00:00:00,4,Model predicted sell
Buy,117021,BRL,3.900700092315674,2018-06-08 00:00:00,4,NA
Sell,117021,BRL,3.7070000171661377,2018-06-11 00:00:00,4,Model predicted sell
Buy,114123,BRL,3.8041000366210938,2018-06-15 00:00:00,4,NA
Sell,114123,BRL,3.7304000854492188,2018-06-18 00:00:00,4,Model predicted sell
Buy,112281,BRL,3.7427000999450684,2018-06-19 00:00:00,4,NA
Sell,112281,BRL,3.714099884033203,2018-06-20 00:00:00,4,Model predicted sell
Buy,115794,BRL,3.859800100326538,2018-06-28 00:00:00,4,NA
Sell,115794,BRL,3.8617000579833984,2018-06-29 00:00:00,4,Model predicted sell
Buy,117386,BRL,3.912899971008301,2018-07-03 00:00:00,4,NA
Sell,117386,BRL,3.888400077819824,2018-07-04 00:00:00,4,Model predicted sell
Buy,116082,BRL,3.8694000244140625,2018-07-10 00:00:00,4,NA
Sell,116082,BRL,3.8152999877929688,2018-07-11 00:00:00,4,Model predicted sell
Buy,112604,BRL,3.753499984741211,2018-07-24 00:00:00,4,NA
Sell,112604,BRL,3.686500072479248,2018-07-26 00:00:00,4,Model predicted sell
Buy,116466,BRL,3.882200002670288,2018-08-14 00:00:00,4,NA
Sell,116466,BRL,3.8643999099731445,2018-08-15 00:00:00,4,Model predicted sell
Buy,121448,BRL,4.048299789428711,2018-08-22 00:00:00,4,NA
Sell,121448,BRL,4.035999774932861,2018-08-23 00:00:00,4,Model predicted sell
Buy,123317,BRL,4.110599994659424,2018-08-24 00:00:00,4,NA
Sell,123317,BRL,4.076600074768066,2018-08-28 00:00:00,4,Model predicted sell
Buy,124673,BRL,4.155799865722656,2018-09-04 00:00:00,4,NA
Sell,124673,BRL,4.054699897766113,2018-09-10 00:00:00,4,Model predicted sell
Buy,126165,BRL,4.20550012588501,2018-09-14 00:00:00,4,NA
Sell,126165,BRL,4.132599830627441,2018-09-18 00:00:00,4,Model predicted sell
Buy,124760,BRL,4.158699989318848,2018-09-19 00:00:00,4,NA
Sell,124760,BRL,4.049699783325195,2018-09-24 00:00:00,4,Model predicted sell
Buy,122634,BRL,4.087800025939941,2018-09-25 00:00:00,4,NA
Sell,122634,BRL,4.011600017547607,2018-09-28 00:00:00,4,Model predicted sell
Buy,121367,BRL,4.045599937438965,2018-10-01 00:00:00,4,NA
Sell,121367,BRL,3.7146999835968018,2018-10-10 00:00:00,4,Model predicted sell
Buy,113445,BRL,3.7815001010894775,2018-10-15 00:00:00,4,NA
Sell,113445,BRL,3.686000108718872,2018-10-18 00:00:00,4,Model predicted sell
Buy,111600,BRL,3.7200000286102295,2018-10-19 00:00:00,4,NA
Sell,111600,BRL,3.684499979019165,2018-10-23 00:00:00,4,Model predicted sell
Buy,112808,BRL,3.7602999210357666,2018-11-07 00:00:00,4,NA
Sell,112808,BRL,3.7298998832702637,2018-11-08 00:00:00,4,Model predicted sell
Buy,113982,BRL,3.7994000911712646,2018-11-14 00:00:00,4,NA
Sell,113982,BRL,3.742500066757202,2018-11-19 00:00:00,4,Model predicted sell
Buy,118181,BRL,3.9393999576568604,2018-11-27 00:00:00,4,NA
Sell,118181,BRL,3.849100112915039,2018-11-29 00:00:00,4,Model predicted sell
Buy,115956,BRL,3.8652000427246094,2018-12-03 00:00:00,4,NA
Sell,115956,BRL,3.8408000469207764,2018-12-04 00:00:00,4,Model predicted sell
Buy,117495,BRL,3.9165000915527344,2018-12-11 00:00:00,4,NA
Sell,117495,BRL,3.851900100708008,2018-12-13 00:00:00,4,Model predicted sell
Buy,112026,BRL,3.7342000007629395,2019-01-08 00:00:00,4,NA
Sell,112026,BRL,3.679500102996826,2019-01-10 00:00:00,4,Model predicted sell
Buy,114410,BRL,3.813699960708618,2019-01-23 00:00:00,4,NA
Sell,114410,BRL,3.7625999450683594,2019-01-24 00:00:00,4,Model predicted sell
Buy,113093,BRL,3.7697999477386475,2019-01-25 00:00:00,4,NA
Sell,113093,BRL,3.640199899673462,2019-02-01 00:00:00,4,Model predicted sell
Buy,111954,BRL,3.731800079345703,2019-02-19 00:00:00,4,NA
Sell,111954,BRL,3.722599983215332,2019-02-20 00:00:00,4,Model predicted sell
Buy,116073,BRL,3.8691000938415527,2019-03-08 00:00:00,4,NA
Sell,116073,BRL,3.8666999340057373,2019-03-11 00:00:00,4,Model predicted sell
Buy,119660,BRL,3.9886999130249023,2019-03-28 00:00:00,4,NA
Sell,119660,BRL,3.897700071334839,2019-03-29 00:00:00,4,Model predicted sell
Buy,116510,BRL,3.883699893951416,2019-04-01 00:00:00,4,NA
Sell,116510,BRL,3.8489999771118164,2019-04-02 00:00:00,4,Model predicted sell
Buy,118122,BRL,3.9374001026153564,2019-04-18 00:00:00,4,NA
Sell,118122,BRL,3.926300048828125,2019-04-19 00:00:00,4,Model predicted sell
Buy,119672,BRL,3.9890999794006348,2019-04-25 00:00:00,4,NA
Sell,119672,BRL,3.9237000942230225,2019-04-29 00:00:00,4,Model predicted sell
Buy,118334,BRL,3.944499969482422,2019-04-30 00:00:00,4,NA
Sell,118334,BRL,3.921999931335449,2019-05-01 00:00:00,4,Model predicted sell
Buy,119672,BRL,3.9890999794006348,2019-05-14 00:00:00,4,NA
Sell,119672,BRL,3.975600004196167,2019-05-15 00:00:00,4,Model predicted sell
Buy,122873,BRL,4.095799922943115,2019-05-20 00:00:00,4,NA
Sell,122873,BRL,4.036900043487549,2019-05-23 00:00:00,4,Model predicted sell
Buy,121152,BRL,4.038400173187256,2019-05-24 00:00:00,4,NA
Sell,121152,BRL,4.01200008392334,2019-05-27 00:00:00,4,Model predicted sell
Buy,119265,BRL,3.9755001068115234,2019-05-31 00:00:00,4,NA
Sell,119265,BRL,3.853600025177002,2019-06-05 00:00:00,4,Model predicted sell
Buy,115392,BRL,3.846400022506714,2019-06-06 00:00:00,4,NA
Sell,115392,BRL,3.8828999996185303,2019-06-10 00:00:00,4,Model predicted sell
Buy,116810,BRL,3.893699884414673,2019-06-17 00:00:00,4,NA
Sell,116810,BRL,3.8289999961853027,2019-06-20 00:00:00,4,Model predicted sell
Buy,115218,BRL,3.84060001373291,2019-06-21 00:00:00,4,NA
Sell,115218,BRL,3.7920000553131104,2019-06-24 00:00:00,4,Model predicted sell
Buy,115272,BRL,3.842400074005127,2019-07-03 00:00:00,4,NA
Sell,115272,BRL,3.8006999492645264,2019-07-05 00:00:00,4,Model predicted sell
Buy,112640,BRL,3.754699945449829,2019-07-12 00:00:00,4,NA
Sell,112640,BRL,3.7295000553131104,2019-07-15 00:00:00,4,Model predicted sell
Buy,119190,BRL,3.9730000495910645,2019-08-06 00:00:00,4,NA
Sell,119190,BRL,3.956700086593628,2019-08-07 00:00:00,4,Model predicted sell
Buy,121505,BRL,4.05019998550415,2019-08-15 00:00:00,4,NA
Sell,121505,BRL,3.9900999069213867,2019-08-16 00:00:00,4,Model predicted sell
Buy,124545,BRL,4.151500225067139,2019-08-27 00:00:00,4,NA
Sell,124545,BRL,4.123199939727783,2019-08-28 00:00:00,4,Model predicted sell
Buy,122403,BRL,4.080100059509277,2019-09-06 00:00:00,4,NA
Sell,122403,BRL,4.063000202178955,2019-09-09 00:00:00,4,Model predicted sell
Buy,125009,BRL,4.166999816894531,2019-09-20 00:00:00,4,NA
Sell,125009,BRL,4.146999835968018,2019-09-23 00:00:00,4,Model predicted sell
Buy,123144,BRL,4.104800224304199,2019-10-08 00:00:00,4,NA
Sell,123144,BRL,4.092700004577637,2019-10-09 00:00:00,4,Model predicted sell
Buy,125348,BRL,4.178299903869629,2019-10-16 00:00:00,4,NA
Sell,125348,BRL,4.1387410163879395,2019-10-17 00:00:00,4,Model predicted sell
Buy,123691,BRL,4.123051166534424,2019-10-18 00:00:00,4,NA
Sell,123691,BRL,4.116099834442139,2019-10-21 00:00:00,4,Model predicted sell
Buy,121236,BRL,4.041200160980225,2019-10-25 00:00:00,4,NA
Sell,121236,BRL,3.988800048828125,2019-10-29 00:00:00,4,Model predicted sell
Buy,119897,BRL,3.9965999126434326,2019-10-30 00:00:00,4,NA
Sell,119897,BRL,3.9860999584198,2019-10-31 00:00:00,4,Model predicted sell
Buy,126492,BRL,4.216400146484375,2019-11-19 00:00:00,4,NA
Sell,126492,BRL,4.19189977645874,2019-11-20 00:00:00,4,Model predicted sell
Buy,127877,BRL,4.262599945068359,2019-11-28 00:00:00,4,NA
Sell,127877,BRL,4.188000202178955,2019-11-29 00:00:00,4,Model predicted sell
Buy,126182,BRL,4.206099987030029,2019-12-05 00:00:00,4,NA
Sell,126182,BRL,4.118899822235107,2019-12-09 00:00:00,4,Model predicted sell
Buy,124341,BRL,4.144700050354004,2019-12-11 00:00:00,4,NA
Sell,124341,BRL,4.0619001388549805,2019-12-17 00:00:00,4,Model predicted sell
Buy,122118,BRL,4.0706000328063965,2019-12-18 00:00:00,4,NA
Sell,122118,BRL,4.061699867248535,2019-12-19 00:00:00,4,Model predicted sell
Buy,120503,BRL,4.016786098480225,2020-01-01 00:00:00,4,NA
Buy,121985,BRL,4.066199779510498,2020-01-08 00:00:00,4,NA
Sell,121985,BRL,4.06279993057251,2020-01-09 00:00:00,4,Model predicted sell
Buy,124376,BRL,4.145899772644043,2020-01-14 00:00:00,4,NA
Sell,124376,BRL,4.13129997253418,2020-01-15 00:00:00,4,Model predicted sell
Buy,126326,BRL,4.210899829864502,2020-01-22 00:00:00,4,NA
Sell,126326,BRL,4.1595001220703125,2020-01-27 00:00:00,4,Model predicted sell
Buy,128477,BRL,4.282599925994873,2020-02-03 00:00:00,4,NA
Sell,128477,BRL,4.246500015258789,2020-02-04 00:00:00,4,Model predicted sell
Buy,130637,BRL,4.354599952697754,2020-02-13 00:00:00,4,NA
Sell,130637,BRL,4.296999931335449,2020-02-17 00:00:00,4,Model predicted sell
Buy,134479,BRL,4.482665061950684,2020-02-28 00:00:00,4,NA
Sell,134479,BRL,4.441299915313721,2020-03-02 00:00:00,4,Model predicted sell
Buy,138120,BRL,4.604031085968018,2020-03-06 00:00:00,4,NA
Sell,138120,BRL,4.625500202178955,2020-03-09 00:00:00,4,Model predicted sell
Buy,141690,BRL,4.7230000495910645,2020-03-10 00:00:00,4,NA
Sell,141690,BRL,4.642499923706055,2020-03-11 00:00:00,4,Model predicted sell
Buy,144401,BRL,4.813399791717529,2020-03-12 00:00:00,4,NA
Sell,144401,BRL,4.79040002822876,2020-03-13 00:00:00,4,Model predicted sell
Buy,153114,BRL,5.1038289070129395,2020-03-19 00:00:00,4,NA
Sell,153114,BRL,5.045499801635742,2020-03-23 00:00:00,4,Model predicted sell
Buy,160212,BRL,5.340400218963623,2020-04-06 00:00:00,4,NA
Sell,160212,BRL,5.105599880218506,2020-04-13 00:00:00,4,Model predicted sell
Buy,155957,BRL,5.198599815368652,2020-04-14 00:00:00,4,NA
Sell,155957,BRL,5.160036087036133,2020-04-15 00:00:00,4,Model predicted sell
Buy,159479,BRL,5.315999984741211,2020-04-21 00:00:00,4,NA
Sell,159479,BRL,5.315499782562256,2020-04-22 00:00:00,4,Model predicted sell
Buy,169596,BRL,5.653200149536133,2020-04-28 00:00:00,4,NA
Sell,169596,BRL,5.33489990234375,2020-04-30 00:00:00,4,Model predicted sell
Buy,164580,BRL,5.486000061035156,2020-05-01 00:00:00,4,NA
Sell,164580,BRL,5.485300064086914,2020-05-04 00:00:00,4,Model predicted sell
Buy,174924,BRL,5.8308000564575195,2020-05-08 00:00:00,4,NA
Sell,174924,BRL,5.730800151824951,2020-05-11 00:00:00,4,Model predicted sell
Buy,172646,BRL,5.754899978637695,2020-05-20 00:00:00,4,NA
Sell,172646,BRL,5.27269983291626,2020-05-28 00:00:00,4,Model predicted sell
Buy,162093,BRL,5.40310001373291,2020-05-29 00:00:00,4,NA
Sell,162093,BRL,5.33489990234375,2020-06-01 00:00:00,4,Model predicted sell
Buy,153510,BRL,5.117000102996826,2020-06-05 00:00:00,4,NA
Sell,153510,BRL,4.821499824523926,2020-06-09 00:00:00,4,Model predicted sell
Buy,157284,BRL,5.242800235748291,2020-06-17 00:00:00,4,NA
Sell,157284,BRL,5.227399826049805,2020-06-18 00:00:00,4,Model predicted sell
Buy,161291,BRL,5.376399993896484,2020-06-19 00:00:00,4,NA
Sell,161291,BRL,5.151000022888184,2020-06-24 00:00:00,4,Model predicted sell
Buy,164541,BRL,5.484729766845703,2020-06-29 00:00:00,4,NA
Sell,164541,BRL,5.402400016784668,2020-06-30 00:00:00,4,Model predicted sell
Buy,160755,BRL,5.358500003814697,2020-07-03 00:00:00,4,NA
Sell,160755,BRL,5.140500068664551,2020-07-06 00:00:00,4,Model predicted sell
Buy,156894,BRL,5.229800224304199,2020-07-27 00:00:00,4,NA
Sell,156894,BRL,5.143099784851074,2020-07-28 00:00:00,4,Model predicted sell
Buy,155058,BRL,5.168600082397461,2020-07-30 00:00:00,4,NA
Sell,155058,BRL,5.153299808502197,2020-07-31 00:00:00,4,Model predicted sell
Buy,159560,BRL,5.318699836730957,2020-08-04 00:00:00,4,NA
Sell,159560,BRL,5.290200233459473,2020-08-05 00:00:00,4,Model predicted sell
Buy,164400,BRL,5.480000019073486,2020-08-11 00:00:00,4,NA
Sell,164400,BRL,5.380300045013428,2020-08-12 00:00:00,4,Model predicted sell
Buy,166694,BRL,5.55649995803833,2020-08-20 00:00:00,4,NA
Sell,166694,BRL,5.555699825286865,2020-08-21 00:00:00,4,Model predicted sell
Buy,168695,BRL,5.623199939727783,2020-08-24 00:00:00,4,NA
Sell,168695,BRL,5.507199764251709,2020-08-26 00:00:00,4,Model predicted sell
Buy,164741,BRL,5.491399765014648,2020-09-01 00:00:00,4,NA
Sell,164741,BRL,5.29010009765625,2020-09-04 00:00:00,4,Model predicted sell
Buy,159089,BRL,5.302999973297119,2020-09-07 00:00:00,4,NA
Sell,159089,BRL,5.298399925231934,2020-09-08 00:00:00,4,Model predicted sell
Buy,160835,BRL,5.361199855804443,2020-09-09 00:00:00,4,NA
Sell,160835,BRL,5.307400226593018,2020-09-10 00:00:00,4,Model predicted sell
Buy,158238,BRL,5.274600028991699,2020-09-16 00:00:00,4,NA
Sell,158238,BRL,5.236199855804443,2020-09-17 00:00:00,4,Model predicted sell
Buy,167763,BRL,5.592100143432617,2020-09-24 00:00:00,4,NA
Sell,167763,BRL,5.508399963378906,2020-09-25 00:00:00,4,Model predicted sell
Buy,169802,BRL,5.660099983215332,2020-09-29 00:00:00,4,NA
Sell,169802,BRL,5.609300136566162,2020-10-01 00:00:00,4,Model predicted sell
Buy,173322,BRL,5.777400016784668,2020-10-30 00:00:00,4,NA
Sell,173322,BRL,5.741199970245361,2020-11-03 00:00:00,4,Model predicted sell
Buy,162413,BRL,5.41379976272583,2020-11-11 00:00:00,4,NA
Sell,162413,BRL,5.390399932861328,2020-11-12 00:00:00,4,Model predicted sell
Buy,160319,BRL,5.343999862670898,2020-11-30 00:00:00,4,NA
Sell,160319,BRL,5.204800128936768,2020-12-02 00:00:00,4,Model predicted sell
Buy,156483,BRL,5.216100215911865,2020-12-03 00:00:00,4,NA
Sell,156483,BRL,5.151100158691406,2020-12-04 00:00:00,4,Model predicted sell
Buy,154664,BRL,5.1554999351501465,2020-12-07 00:00:00,4,NA
Sell,154664,BRL,5.098400115966797,2020-12-08 00:00:00,4,Model predicted sell
Buy,152471,BRL,5.082399845123291,2020-12-17 00:00:00,4,NA
Sell,152471,BRL,5.057000160217285,2020-12-18 00:00:00,4,Model predicted sell
Buy,157356,BRL,5.245200157165527,2020-12-29 00:00:00,4,NA
Sell,157356,BRL,5.190624237060547,2020-12-31 00:00:00,4,Model predicted sell
Buy,155763,BRL,5.1921000480651855,2021-01-01 00:00:00,4,NA
Buy,158850,BRL,5.295000076293945,2021-01-05 00:00:00,4,NA
Sell,158850,BRL,5.2845001220703125,2021-01-06 00:00:00,4,Model predicted sell
Buy,164648,BRL,5.48829984664917,2021-01-12 00:00:00,4,NA
Sell,164648,BRL,5.195799827575684,2021-01-15 00:00:00,4,Model predicted sell
Buy,160686,BRL,5.356200218200684,2021-01-20 00:00:00,4,NA
Sell,160686,BRL,5.290299892425537,2021-01-21 00:00:00,4,Model predicted sell
Buy,163980,BRL,5.466000080108643,2021-01-25 00:00:00,4,NA
Sell,163980,BRL,5.354000091552734,2021-01-27 00:00:00,4,Model predicted sell
Buy,161547,BRL,5.384900093078613,2021-02-11 00:00:00,4,NA
Sell,161547,BRL,5.3653998374938965,2021-02-12 00:00:00,4,Model predicted sell
Buy,163943,BRL,5.464799880981445,2021-02-23 00:00:00,4,NA
Sell,163943,BRL,5.403075218200684,2021-02-25 00:00:00,4,Model predicted sell
Buy,170250,BRL,5.675000190734863,2021-03-03 00:00:00,4,NA
Sell,170250,BRL,5.616453170776367,2021-03-04 00:00:00,4,Model predicted sell
Buy,176237,BRL,5.874599933624268,2021-03-09 00:00:00,4,NA
Sell,176237,BRL,5.495756149291992,2021-03-15 00:00:00,4,Model predicted sell
Buy,168690,BRL,5.623000144958496,2021-03-17 00:00:00,4,NA
Sell,168690,BRL,5.489299774169922,2021-03-22 00:00:00,4,Model predicted sell
Buy,173432,BRL,5.781099796295166,2021-03-30 00:00:00,4,NA
Sell,173432,BRL,5.631700038909912,2021-04-01 00:00:00,4,Model predicted sell
Buy,171317,BRL,5.710599899291992,2021-04-05 00:00:00,4,NA
Sell,171317,BRL,5.593200206756592,2021-04-07 00:00:00,4,Model predicted sell
Buy,168359,BRL,5.611999988555908,2021-04-08 00:00:00,4,NA
Sell,168359,BRL,5.566800117492676,2021-04-09 00:00:00,4,Model predicted sell
Buy,171963,BRL,5.732100009918213,2021-04-13 00:00:00,4,NA
Sell,171963,BRL,5.544400215148926,2021-04-20 00:00:00,4,Model predicted sell
Buy,167039,BRL,5.567999839782715,2021-04-21 00:00:00,4,NA
Sell,167039,BRL,5.443299770355225,2021-04-23 00:00:00,4,Model predicted sell
Buy,164312,BRL,5.477099895477295,2021-04-26 00:00:00,4,NA
Sell,164312,BRL,5.435100078582764,2021-04-27 00:00:00,4,Model predicted sell
Buy,159222,BRL,5.307400226593018,2021-05-14 00:00:00,4,NA
Sell,159222,BRL,5.269599914550781,2021-05-17 00:00:00,4,Model predicted sell
Buy,160884,BRL,5.362800121307373,2021-05-24 00:00:00,4,NA
Sell,160884,BRL,5.318600177764893,2021-05-25 00:00:00,4,Model predicted sell
Buy,152298,BRL,5.076600074768066,2021-06-04 00:00:00,4,NA
Sell,152298,BRL,5.0447001457214355,2021-06-07 00:00:00,4,Model predicted sell
Buy,148955,BRL,4.965199947357178,2021-06-24 00:00:00,4,NA
Sell,148955,BRL,4.912899971008301,2021-06-25 00:00:00,4,Model predicted sell
Buy,157746,BRL,5.258200168609619,2021-07-09 00:00:00,4,NA
Sell,157746,BRL,5.070300102233887,2021-07-15 00:00:00,4,Model predicted sell
Buy,155994,BRL,5.19980001449585,2021-07-23 00:00:00,4,NA
Sell,155994,BRL,5.0802998542785645,2021-07-30 00:00:00,4,Model predicted sell
Buy,157568,BRL,5.252299785614014,2021-08-13 00:00:00,4,NA
Sell,157568,BRL,5.247499942779541,2021-08-16 00:00:00,4,Model predicted sell
Buy,162428,BRL,5.414299964904785,2021-08-20 00:00:00,4,NA
Sell,162428,BRL,5.384408950805664,2021-08-23 00:00:00,4,Model predicted sell
Buy,157554,BRL,5.251800060272217,2021-08-27 00:00:00,4,NA
Sell,157554,BRL,5.147380828857422,2021-09-01 00:00:00,4,Model predicted sell
Buy,155556,BRL,5.185200214385986,2021-09-02 00:00:00,4,NA
Sell,155556,BRL,5.1819000244140625,2021-09-03 00:00:00,4,Model predicted sell
Buy,159621,BRL,5.320700168609619,2021-09-09 00:00:00,4,NA
Sell,159621,BRL,5.196700096130371,2021-09-10 00:00:00,4,Model predicted sell
Buy,157407,BRL,5.2469000816345215,2021-09-13 00:00:00,4,NA
Sell,157407,BRL,5.2129998207092285,2021-09-14 00:00:00,4,Model predicted sell
Buy,159702,BRL,5.323400020599365,2021-09-21 00:00:00,4,NA
Sell,159702,BRL,5.269199848175049,2021-09-22 00:00:00,4,Model predicted sell
Buy,162824,BRL,5.427499771118164,2021-09-29 00:00:00,4,NA
Sell,162824,BRL,5.4141998291015625,2021-09-30 00:00:00,4,Model predicted sell
Buy,165510,BRL,5.517000198364258,2021-10-08 00:00:00,4,NA
Sell,165510,BRL,5.510200023651123,2021-10-11 00:00:00,4,Model predicted sell
Buy,169731,BRL,5.657700061798096,2021-10-22 00:00:00,4,NA
Sell,169731,BRL,5.553699970245361,2021-10-26 00:00:00,4,Model predicted sell
Buy,166964,BRL,5.565499782562256,2021-10-27 00:00:00,4,NA
Sell,166964,BRL,5.535099983215332,2021-10-28 00:00:00,4,Model predicted sell
Buy,169346,BRL,5.644899845123291,2021-10-29 00:00:00,4,NA
Sell,169346,BRL,5.635499954223633,2021-11-01 00:00:00,4,Model predicted sell
Buy,166290,BRL,5.543000221252441,2021-11-09 00:00:00,4,NA
Sell,166290,BRL,5.479100227355957,2021-11-10 00:00:00,4,Model predicted sell
Buy,163679,BRL,5.455999851226807,2021-11-15 00:00:00,4,NA
Sell,163679,BRL,5.456200122833252,2021-11-16 00:00:00,4,Model predicted sell
Buy,168216,BRL,5.6072001457214355,2021-11-22 00:00:00,4,NA
Sell,168216,BRL,5.571000099182129,2021-11-24 00:00:00,4,Model predicted sell
Buy,170772,BRL,5.692400932312012,2021-12-02 00:00:00,4,NA
Sell,170772,BRL,5.643321990966797,2021-12-03 00:00:00,4,Model predicted sell
Buy,170427,BRL,5.6809000968933105,2022-01-04 00:00:00,4,NA
Sell,170427,BRL,5.676000118255615,2022-01-05 00:00:00,4,Model predicted sell
Buy,165956,BRL,5.531899929046631,2022-01-17 00:00:00,4,NA
Sell,165956,BRL,5.5157999992370605,2022-01-18 00:00:00,4,Model predicted sell
Buy,159786,BRL,5.326200008392334,2022-02-07 00:00:00,4,NA
Sell,159786,BRL,5.231429100036621,2022-02-10 00:00:00,4,Model predicted sell
Buy,157515,BRL,5.250500202178955,2022-02-14 00:00:00,4,NA
Sell,157515,BRL,5.133566856384277,2022-02-17 00:00:00,4,Model predicted sell
Buy,155062,BRL,5.168756008148193,2022-02-18 00:00:00,4,NA
Sell,155062,BRL,5.006724834442139,2022-02-24 00:00:00,4,Model predicted sell
Buy,153302,BRL,5.110099792480469,2022-03-08 00:00:00,4,NA
Sell,153302,BRL,5.010200023651123,2022-03-11 00:00:00,4,Model predicted sell
Buy,154895,BRL,5.1631999015808105,2022-03-16 00:00:00,4,NA
Sell,154895,BRL,4.82420015335083,2022-03-24 00:00:00,4,Model predicted sell
Buy,144782,BRL,4.826099872589111,2022-03-25 00:00:00,4,NA
Sell,144782,BRL,4.7368998527526855,2022-03-28 00:00:00,4,Model predicted sell
Buy,142923,BRL,4.764100074768066,2022-03-29 00:00:00,4,NA
Sell,142923,BRL,4.756199836730957,2022-03-30 00:00:00,4,Model predicted sell
Buy,141030,BRL,4.701000213623047,2022-04-15 00:00:00,4,NA
Sell,141030,BRL,4.6519999504089355,2022-04-19 00:00:00,4,Model predicted sell
Buy,149933,BRL,4.997799873352051,2022-04-27 00:00:00,4,NA
Sell,149933,BRL,4.93779993057251,2022-04-29 00:00:00,4,Model predicted sell
Buy,152541,BRL,5.084700107574463,2022-05-03 00:00:00,4,NA
Sell,152541,BRL,4.918799877166748,2022-05-05 00:00:00,4,Model predicted sell
Buy,154827,BRL,5.160900115966797,2022-05-10 00:00:00,4,NA
Sell,154827,BRL,5.13129997253418,2022-05-11 00:00:00,4,Model predicted sell
Buy,151791,BRL,5.059700012207031,2022-05-17 00:00:00,4,NA
Sell,151791,BRL,4.9380998611450195,2022-05-18 00:00:00,4,Model predicted sell
Buy,149025,BRL,4.96750020980835,2022-05-19 00:00:00,4,NA
Sell,149025,BRL,4.813499927520752,2022-05-24 00:00:00,4,Model predicted sell
Buy,144684,BRL,4.822800159454346,2022-05-26 00:00:00,4,NA
Sell,144684,BRL,4.729599952697754,2022-05-30 00:00:00,4,Model predicted sell
Buy,142571,BRL,4.752399921417236,2022-05-31 00:00:00,4,NA
Sell,142571,BRL,4.730400085449219,2022-06-01 00:00:00,4,Model predicted sell
Buy,144464,BRL,4.815499782562256,2022-06-02 00:00:00,4,NA
Sell,144464,BRL,4.775000095367432,2022-06-06 00:00:00,4,Model predicted sell
Buy,153482,BRL,5.116099834442139,2022-06-15 00:00:00,4,NA
Sell,153482,BRL,5.052000045776367,2022-06-16 00:00:00,4,Model predicted sell
Buy,155616,BRL,5.18720006942749,2022-06-21 00:00:00,4,NA
Sell,155616,BRL,5.122799873352051,2022-06-22 00:00:00,4,Model predicted sell
Buy,157241,BRL,5.241399765014648,2022-06-27 00:00:00,4,NA
Sell,157241,BRL,5.236800193786621,2022-06-28 00:00:00,4,Model predicted sell
Buy,159929,BRL,5.330999851226807,2022-07-04 00:00:00,4,NA
Sell,159929,BRL,5.3282999992370605,2022-07-05 00:00:00,4,Model predicted sell
Buy,162839,BRL,5.427999973297119,2022-07-07 00:00:00,4,NA
Sell,162839,BRL,5.254000186920166,2022-07-11 00:00:00,4,Model predicted sell
Buy,164933,BRL,5.497799873352051,2022-07-22 00:00:00,4,NA
Sell,164933,BRL,5.171199798583984,2022-08-01 00:00:00,4,Model predicted sell
Buy,158481,BRL,5.282700061798096,2022-08-04 00:00:00,4,NA
Sell,158481,BRL,5.110099792480469,2022-08-09 00:00:00,4,Model predicted sell
Buy,153711,BRL,5.123700141906738,2022-08-10 00:00:00,4,NA
Sell,153711,BRL,5.093699932098389,2022-08-11 00:00:00,4,Model predicted sell
Buy,157211,BRL,5.2403998374938965,2022-09-02 00:00:00,4,NA
Sell,157211,BRL,5.153900146484375,2022-09-06 00:00:00,4,Model predicted sell
Buy,155112,BRL,5.170400142669678,2022-09-22 00:00:00,4,NA
Sell,155112,BRL,5.115499973297119,2022-09-23 00:00:00,4,Model predicted sell
Buy,161682,BRL,5.389400005340576,2022-09-27 00:00:00,4,NA
Sell,161682,BRL,5.374199867248535,2022-09-29 00:00:00,4,Model predicted sell
Buy,156602,BRL,5.220099925994873,2022-10-07 00:00:00,4,NA
Sell,156602,BRL,5.186800003051758,2022-10-11 00:00:00,4,Model predicted sell
Buy,158762,BRL,5.292099952697754,2022-10-12 00:00:00,4,NA
Sell,158762,BRL,5.259799957275391,2022-10-14 00:00:00,4,Model predicted sell
Buy,161517,BRL,5.383900165557861,2022-10-27 00:00:00,4,NA
Sell,161517,BRL,5.142399787902832,2022-11-02 00:00:00,4,Model predicted sell
Buy,154278,BRL,5.142600059509277,2022-11-03 00:00:00,4,NA
Sell,154278,BRL,5.078132152557373,2022-11-07 00:00:00,4,Model predicted sell
Buy,160247,BRL,5.341579914093018,2022-11-11 00:00:00,4,NA
Sell,160247,BRL,5.279058933258057,2022-11-14 00:00:00,4,Model predicted sell
Buy,162663,BRL,5.422100067138672,2022-11-18 00:00:00,4,NA
Sell,162663,BRL,5.318600177764893,2022-11-22 00:00:00,4,Model predicted sell
Buy,160749,BRL,5.35830020904541,2022-11-24 00:00:00,4,NA
Sell,160749,BRL,5.320000171661377,2022-11-25 00:00:00,4,Model predicted sell
Buy,158400,BRL,5.28000020980835,2022-12-06 00:00:00,4,NA
Sell,158400,BRL,5.203999996185303,2022-12-08 00:00:00,4,Model predicted sell
Buy,155997,BRL,5.199900150299072,2022-12-22 00:00:00,4,NA
Sell,155997,BRL,5.164299964904785,2022-12-26 00:00:00,4,Model predicted sell
Buy,158769,BRL,5.292300224304199,2022-12-28 00:00:00,4,NA
